,0,0,0
0,id 2140,likes 0,id 3240
1,title gj,dislikes 0,name None
2,description ghj,userAction 2,description None
3,"location Hermannplatz 5-6, 10967 Berlin, Germany",,url http://www.youtube.com/embed/mPhboJR0Llc
4,lng 0,,mediatype 2
5,lat 0,,likeCount 0
6,userId 4051,,createAt 0001-01-01T00:00:00
7,name manoj,,
8,isdeleted false,,
9,profilePicture Images/9b291404-bc2e-4806-88c5-08d29e65a5ad.png,,
10,mediatype 0,,
11,commentCount 0,,
12,"multiMedia 
      ",,
13,"likeDislike 
      ",,
14,createdAt 2020-01-02T13:32:16.7480006,,
15,code 0,,
